-- MySQL dump 10.13  Distrib 8.0.13, for Linux (x86_64)
--
-- Host: :)
-- ------------------------------------------------------
-- Server version	8.0.12

/*!40101 SET @OLD_CHARACTER_SET_CLIENT=@@CHARACTER_SET_CLIENT */;
/*!40101 SET @OLD_CHARACTER_SET_RESULTS=@@CHARACTER_SET_RESULTS */;
/*!40101 SET @OLD_COLLATION_CONNECTION=@@COLLATION_CONNECTION */;
 SET NAMES utf8 ;
/*!40103 SET @OLD_TIME_ZONE=@@TIME_ZONE */;
/*!40103 SET TIME_ZONE='+00:00' */;
/*!40014 SET @OLD_UNIQUE_CHECKS=@@UNIQUE_CHECKS, UNIQUE_CHECKS=0 */;
/*!40014 SET @OLD_FOREIGN_KEY_CHECKS=@@FOREIGN_KEY_CHECKS, FOREIGN_KEY_CHECKS=0 */;
/*!40101 SET @OLD_SQL_MODE=@@SQL_MODE, SQL_MODE='NO_AUTO_VALUE_ON_ZERO' */;
/*!40111 SET @OLD_SQL_NOTES=@@SQL_NOTES, SQL_NOTES=0 */;

--
-- Table structure for table `matching`
--

DROP TABLE IF EXISTS `matching`;
/*!40101 SET @saved_cs_client     = @@character_set_client */;
 SET character_set_client = utf8mb4 ;
CREATE TABLE `matching` (
  `MatchID` int(11) NOT NULL AUTO_INCREMENT,
  `User1` int(11) NOT NULL,
  `User2` int(11) NOT NULL,
  `matchingStatus` int(1) DEFAULT NULL,
  PRIMARY KEY (`MatchID`),
  UNIQUE KEY `MatchID_UNIQUE` (`MatchID`),
  KEY `User1_idx` (`User1`),
  KEY `User2_idx` (`User2`),
  CONSTRAINT `User1` FOREIGN KEY (`User1`) REFERENCES `user` (`userid`),
  CONSTRAINT `User2` FOREIGN KEY (`User2`) REFERENCES `user` (`userid`)
) ENGINE=InnoDB AUTO_INCREMENT=250 DEFAULT CHARSET=utf8;
/*!40101 SET character_set_client = @saved_cs_client */;

--
-- Dumping data for table `matching`
--

LOCK TABLES `matching` WRITE;
/*!40000 ALTER TABLE `matching` DISABLE KEYS */;
INSERT INTO `matching` VALUES (1,5,2,0),(35,17,3,2),(71,4,7,1),(72,4,2,2),(73,4,15,2),(74,3,4,2),(75,3,2,2),(76,3,1,1),(77,5,3,0),(79,4,1,2),(80,17,4,2),(82,8,4,2),(83,16,4,2),(84,14,4,2),(86,13,4,2),(100,2,17,2),(101,2,18,2),(102,18,5,0),(103,18,1,1),(104,19,18,2),(105,18,7,1),(106,18,14,1),(107,18,16,1),(108,18,17,1),(109,18,3,2),(110,18,4,2),(111,18,8,1),(112,18,8,1),(113,18,13,1),(114,18,15,1),(115,18,20,2),(116,4,20,2),(117,4,19,2),(118,4,5,2),(119,21,4,2),(120,21,14,1),(121,21,19,1),(122,21,7,1),(123,21,8,1),(124,21,18,1),(125,21,5,0),(126,21,2,2),(127,21,13,1),(128,21,3,2),(129,21,1,1),(130,21,15,1),(131,21,16,1),(132,21,20,1),(133,21,17,1),(134,22,2,2),(135,22,19,1),(136,23,13,1),(137,4,25,1),(138,24,5,2),(139,22,5,2),(140,23,5,2),(190,7,5,2),(215,5,17,1),(216,5,19,1),(217,5,20,1),(218,5,20,1),(222,8,5,2),(229,1,5,0),(230,13,5,0),(231,14,5,0),(232,5,16,1),(233,5,25,1),(234,5,15,1),(235,26,17,1),(236,26,2,2),(237,4,23,1),(238,4,24,1),(239,4,26,1),(240,27,19,1),(241,27,2,2),(242,27,8,1),(243,4,27,1),(244,4,22,1),(245,4,28,1),(246,3,19,1),(247,3,29,2),(248,3,7,1),(249,3,23,1);
/*!40000 ALTER TABLE `matching` ENABLE KEYS */;
UNLOCK TABLES;

--
-- Table structure for table `message`
--

DROP TABLE IF EXISTS `message`;
/*!40101 SET @saved_cs_client     = @@character_set_client */;
 SET character_set_client = utf8mb4 ;
CREATE TABLE `message` (
  `id` int(11) NOT NULL AUTO_INCREMENT,
  `bericht` text,
  `MatchID` int(11) NOT NULL,
  `SenderID` int(11) DEFAULT NULL,
  `verstuur_datum` datetime DEFAULT NULL,
  `gelezen` tinyint(4) DEFAULT NULL,
  PRIMARY KEY (`id`),
  KEY `verzinzelf1_idx` (`MatchID`),
  CONSTRAINT `verzinzelf1` FOREIGN KEY (`MatchID`) REFERENCES `matching` (`matchid`)
) ENGINE=InnoDB AUTO_INCREMENT=353 DEFAULT CHARSET=utf8;
/*!40101 SET character_set_client = @saved_cs_client */;

--
-- Dumping data for table `message`
--

LOCK TABLES `message` WRITE;
/*!40000 ALTER TABLE `message` DISABLE KEYS */;
INSERT INTO `message` VALUES (1,'dat moment dat je perongeluk je hele chat verwijderd',80,17,'2019-01-08 16:26:24',NULL),(2,'oeps',80,17,'2019-01-08 16:26:25',NULL),(3,'hehe',80,17,'2019-01-08 16:26:28',NULL),(4,'halloo',35,17,'2019-01-08 16:31:10',NULL),(5,'hoi!',35,3,'2019-01-08 16:31:16',NULL),(6,'dit werkt super goed he',35,17,'2019-01-08 16:32:05',NULL),(7,':D',35,17,'2019-01-08 16:32:06',NULL),(8,'dus waar wilt u op vakantie?',35,17,'2019-01-08 16:32:30',NULL),(9,'idk',35,3,'2019-01-08 16:33:26',NULL),(10,'kijk',35,17,'2019-01-08 16:34:40',NULL),(11,'dit werkt gwn super',35,17,'2019-01-08 16:34:43',NULL),(12,'test',35,3,'2019-01-08 16:34:48',NULL),(13,'tt',35,3,'2019-01-08 16:34:50',NULL),(14,'t',35,3,'2019-01-08 16:34:50',NULL),(15,'t',35,3,'2019-01-08 16:34:50',NULL),(16,'t',35,3,'2019-01-08 16:34:50',NULL),(17,'ja stop',35,17,'2019-01-08 16:34:52',NULL),(18,'hallo',35,17,'2019-01-08 16:34:53',NULL),(19,'ja werkt nu',35,3,'2019-01-08 16:34:54',NULL),(20,'xD',35,17,'2019-01-08 16:34:57',NULL),(21,'database wordt moe van je :p',35,17,'2019-01-08 16:35:02',NULL),(22,'ff een python script schrijven die het overload',35,3,'2019-01-08 16:35:16',NULL),(23,'EY',35,17,'2019-01-08 16:35:19',NULL),(24,'waag het meneer',35,17,'2019-01-08 16:35:22',NULL),(25,'xD',35,17,'2019-01-08 16:35:26',NULL),(26,'breekt dit de db?',35,3,'2019-01-08 16:36:25',NULL),(27,'nee maar hij wordt niet opgeslagen',35,17,'2019-01-08 16:36:37',NULL),(28,'xD',35,17,'2019-01-08 16:36:46',NULL),(29,'-_-',35,17,'2019-01-08 16:37:24',NULL),(30,'xd',35,17,'2019-01-08 16:37:26',NULL),(31,'maar jij ziet het wel?',35,3,'2019-01-08 16:37:55',NULL),(32,'de error?',35,17,'2019-01-08 16:38:09',NULL),(33,'of de smiley',35,17,'2019-01-08 16:38:11',NULL),(34,'die emoji ja',35,3,'2019-01-08 16:38:14',NULL),(35,'als je refreshed is ie gwn weg',35,17,'2019-01-08 16:41:28',NULL),(36,'dus front end wise heeft de gebruiker er geen last van',35,17,'2019-01-08 16:41:40',NULL),(37,'is wat weg?',35,3,'2019-01-08 16:42:41',NULL),(38,'oh die emoji ja',35,3,'2019-01-08 16:42:47',NULL),(39,'uh oh oh',35,17,'2019-01-08 16:42:54',NULL),(40,'test',35,3,'2019-01-08 16:43:17',NULL),(41,'test21',35,3,'2019-01-08 16:45:18',NULL),(42,'nu nie meer',35,17,'2019-01-08 16:45:28',NULL),(43,'hey hey ehy',100,17,'2019-01-08 21:01:07',NULL),(44,'Hey!',100,2,'2019-01-08 21:01:29',NULL),(45,'mooie chat he',100,17,'2019-01-08 21:01:41',NULL),(46,'Zekers',100,2,'2019-01-08 21:01:44',NULL),(47,'ik probeer actual conversations te maken heb jerry en romano ook al geforceerd',100,17,'2019-01-08 21:02:01',NULL),(48,'kijken hoe het gaat als de database helemaal vol zit',100,17,'2019-01-08 21:02:17',NULL),(49,'Waarom is de time op rode messages zwart?',100,2,'2019-01-08 21:02:18',NULL),(50,'cause daar heb ik voor gekozen',100,17,'2019-01-08 21:02:34',NULL),(51,'vind het niet slecht staan ',100,17,'2019-01-08 21:02:40',NULL),(52,'jij wel?',100,17,'2019-01-08 21:02:43',NULL),(53,'hmmm',100,2,'2019-01-08 21:02:47',NULL),(54,'Ik kan niet scrollen door de messages though',100,2,'2019-01-08 21:03:09',NULL),(55,'firefox?',100,17,'2019-01-08 21:03:13',NULL),(56,'JooooJ',100,2,'2019-01-08 21:03:27',NULL),(57,'yep',100,17,'2019-01-08 21:03:31',NULL),(58,'Ik ga verder met GD',100,2,'2019-01-08 21:03:33',NULL),(59,'Cya',100,2,'2019-01-08 21:03:35',NULL),(60,'romano had dit geschreven',100,17,'2019-01-08 21:03:36',NULL),(61,'ik citeer \"de column property reversed de chat though dus fuck it, werkt in chrome\"',100,17,'2019-01-08 21:03:42',NULL),(62,'¯\\_(ヅ)_/¯',100,17,'2019-01-08 21:03:53',NULL),(63,'¯\\_(ヅ)_/¯',100,2,'2019-01-08 21:03:59',NULL),(64,'¯\\_(ヅ)_/¯',100,2,'2019-01-08 21:04:00',NULL),(65,'¯\\_(ヅ)_/¯',100,2,'2019-01-08 21:04:00',NULL),(66,'¯\\_(ヅ)_/¯',100,2,'2019-01-08 21:04:00',NULL),(67,'¯\\_(ヅ)_/¯',100,2,'2019-01-08 21:04:00',NULL),(68,'¯\\_(ヅ)_/¯',100,2,'2019-01-08 21:04:01',NULL),(69,'¯\\_(ヅ)_/¯',100,2,'2019-01-08 21:04:01',NULL),(70,'¯\\_(ヅ)_/¯',100,2,'2019-01-08 21:04:01',NULL),(71,'¯\\_(ヅ)_/¯',100,2,'2019-01-08 21:04:01',NULL),(72,'¯\\_(ヅ)_/¯',100,2,'2019-01-08 21:04:02',NULL),(73,'NEE',100,17,'2019-01-08 21:04:02',NULL),(74,'ik ga denk ik nog wat gimmicks er',100,17,'2019-01-08 21:04:21',NULL),(75,'erin gooien*',100,17,'2019-01-08 21:04:26',NULL),(76,'als iemand aan het typen is ofzo',100,17,'2019-01-08 21:04:34',NULL),(77,'of als ie online is',100,17,'2019-01-08 21:04:36',NULL),(78,'zoiets',100,17,'2019-01-08 21:04:50',NULL),(79,'maar danku voor praten dat is weer wat testdata :3',100,17,'2019-01-08 21:05:05',NULL),(80,'wrm luister ik naar het alphabet',100,17,'2019-01-08 21:05:16',NULL),(81,'test',80,4,'2019-01-09 13:55:38',NULL),(82,'dd',80,4,'2019-01-10 00:16:01',NULL),(83,'dd',80,4,'2019-01-10 00:16:05',NULL),(84,'jaaa werkt goed he',80,17,'2019-01-10 00:24:53',NULL),(85,'man im so happy ;-;',80,17,'2019-01-10 00:25:56',NULL),(86,'Jaaaa',80,4,'2019-01-10 00:29:15',NULL),(87,'Good job bruh',80,4,'2019-01-10 00:29:19',NULL),(88,'eyyyyyy',80,17,'2019-01-10 00:29:38',NULL),(89,'lekker bezig niffauw',80,17,'2019-01-10 00:29:50',NULL),(90,'new domain who dis',80,4,'2019-01-10 00:29:55',NULL),(91,'oh shit hello lemme send ip for handshake',80,17,'2019-01-10 00:30:05',NULL),(92,'Https werkt niet omdat we files inladen met xmlHTTP requests dus het internet vind ons niet veilig',80,4,'2019-01-10 00:30:34',NULL),(93,'I can fix though..',80,4,'2019-01-10 00:30:38',NULL),(94,'do we have to though',80,17,'2019-01-10 00:30:49',NULL),(95,'Morgen ff aan Romano vragen hoe ze email shit werkt',80,4,'2019-01-10 00:30:49',NULL),(96,'Kunne we info@travel-buddies.nl gebruiken',80,4,'2019-01-10 00:31:07',NULL),(97,'gaan jullie morgen naar school dan?',80,17,'2019-01-10 00:31:12',NULL),(98,'oh ja wiskunde',80,17,'2019-01-10 00:31:16',NULL),(99,'We hoefte dit allemaal niet te doen tbh',80,4,'2019-01-10 00:31:20',NULL),(100,'maar we hebben er nu al tijd in gestoken',80,4,'2019-01-10 00:31:26',NULL),(101,'Better make it good',80,4,'2019-01-10 00:31:29',NULL),(102,'uhu i feel u',80,17,'2019-01-10 00:31:33',NULL),(103,'ff puntjes op de i enzo',80,4,'2019-01-10 00:31:50',NULL),(104,'Dan hoef je later er niet op terug te kijken en te denken wtf waren we aan het doen',80,4,'2019-01-10 00:32:01',NULL),(105,'lol',80,4,'2019-01-10 00:32:02',NULL),(106,'xD',80,17,'2019-01-10 00:32:11',NULL),(107,'true true',80,17,'2019-01-10 00:32:13',NULL),(108,'Yup morgen wisk.. E1 maar snap em dus ging hiermee klote',80,4,'2019-01-10 00:32:28',NULL),(109,'Ik ga pitte though vroeg op .-.',80,4,'2019-01-10 00:32:36',NULL),(110,'nicee, ai slaapze',80,17,'2019-01-10 00:32:48',NULL),(111,'True true hahahaha',80,4,'2019-01-10 00:32:49',NULL),(112,'Thankss ',80,4,'2019-01-10 00:32:53',NULL),(113,'night',80,4,'2019-01-10 00:32:54',NULL),(114,'joe joe',80,17,'2019-01-10 00:32:57',NULL),(115,'Heyyy',80,4,'2019-01-10 09:05:20',NULL),(116,'hallo',101,18,'2019-01-10 09:31:19',NULL),(117,'joooow',101,2,'2019-01-10 09:32:12',NULL),(118,'Welkom',101,2,'2019-01-10 09:32:20',NULL),(119,'Dank u',101,18,'2019-01-10 09:32:27',NULL),(120,'Welcomme to fys',101,2,'2019-01-10 09:32:31',NULL),(121,'https://media.giphy.com/media/xUPGcg01dIAot4zyZG/giphy.gif',101,18,'2019-01-10 09:32:56',NULL),(122,'https://media.giphy.com/media/3o6ZtdjR5Tl0MB0Gas/giphy.gif',101,18,'2019-01-10 09:33:23',NULL),(123,'https://media.giphy.com/media/3o6ZtdjR5Tl0MB0Gas/giphy.gif',104,18,'2019-01-10 09:36:18',NULL),(124,'ewa',115,20,'2019-01-10 09:42:00',NULL),(125,'wie is boera?',115,20,'2019-01-10 09:42:22',NULL),(126,'Bob?',115,20,'2019-01-10 09:42:27',NULL),(127,'Jerry?',115,20,'2019-01-10 09:42:30',NULL),(128,'Daniël',115,20,'2019-01-10 09:43:21',NULL),(129,'test',1,5,'2019-01-10 09:48:10',NULL),(130,'Hallo?',110,4,'2019-01-10 09:49:37',NULL),(131,'Wil jij met mij op vakantie?',110,4,'2019-01-10 09:49:42',NULL),(132,'hallloooooooo',80,17,'2019-01-10 11:37:39',NULL),(133,'mooi weertje he?',80,17,'2019-01-10 11:39:45',NULL),(134,'tee',84,4,'2019-01-11 09:22:19',NULL),(135,'tee',80,4,'2019-01-11 09:22:23',NULL),(136,'Jaaa heerlijk',80,4,'2019-01-11 09:22:27',NULL),(137,'Die regen enzo',80,4,'2019-01-11 09:22:29',NULL),(138,'Echt fijn',80,4,'2019-01-11 09:22:30',NULL),(139,'hpoi',118,5,'2019-01-11 09:38:33',NULL),(140,'Ewa faka niffauw',119,21,'2019-01-11 10:06:26',NULL),(141,'Fakka a broer',119,4,'2019-01-11 10:13:56',NULL),(142,'a brada a niffauw',119,21,'2019-01-11 10:14:03',NULL),(143,'Ja',119,4,'2019-01-11 10:14:08',NULL),(144,'Vind ik eigenlijk ook wel',119,4,'2019-01-11 10:14:10',NULL),(145,'hahab dit is geheim :)',119,4,'2019-01-11 10:14:21',NULL),(146,':^)',119,4,'2019-01-11 10:14:36',NULL),(147,'8===D',119,21,'2019-01-11 10:14:49',NULL),(148,'lmao',119,21,'2019-01-11 10:14:55',NULL),(149,'NIELS',119,4,'2019-01-11 10:50:38',NULL),(150,'TEST',119,4,'2019-01-11 10:50:40',NULL),(151,'hh',119,4,'2019-01-11 10:52:18',NULL),(152,'h',119,4,'2019-01-11 10:52:18',NULL),(153,'tt',80,4,'2019-01-11 10:52:42',NULL),(154,'Hey bpi',118,5,'2019-01-11 11:07:30',NULL),(155,'hey boi',118,5,'2019-01-11 11:07:34',NULL),(156,'kappa kek',35,17,'2019-01-11 11:22:17',NULL),(157,'aa',35,17,'2019-01-11 11:22:19',NULL),(158,'hi',125,5,'2019-01-11 11:25:30',NULL),(159,'hi',125,5,'2019-01-11 11:25:36',NULL),(160,'hi',125,21,'2019-01-11 11:25:41',NULL),(161,'l',125,5,'2019-01-11 11:26:02',NULL),(162,'hi',125,21,'2019-01-11 11:26:37',NULL),(163,'3',125,5,'2019-01-11 11:27:08',NULL),(164,'d',125,5,'2019-01-11 11:27:10',NULL),(165,'d',125,5,'2019-01-11 11:27:10',NULL),(166,'w',125,5,'2019-01-11 11:27:11',NULL),(167,'d',125,5,'2019-01-11 11:27:13',NULL),(168,'3e',125,5,'2019-01-11 11:27:15',NULL),(169,'a',125,5,'2019-01-11 11:27:16',NULL),(170,'d',125,5,'2019-01-11 11:27:17',NULL),(171,'t',125,21,'2019-01-11 11:27:22',NULL),(172,'r',125,21,'2019-01-11 11:27:28',NULL),(173,'Hey',119,4,'2019-01-11 11:28:36',NULL),(174,'Noob',119,4,'2019-01-11 11:28:37',NULL),(175,'hallo',35,17,'2019-01-11 11:39:19',NULL),(176,'yo man dit werkt perfect',80,17,'2019-01-11 12:11:59',NULL),(177,'Deze chat werkt niet',125,5,'2019-01-11 14:21:22',NULL),(178,'s',125,5,'2019-01-11 14:21:23',NULL),(179,'s',125,5,'2019-01-11 14:21:24',NULL),(180,'s',125,5,'2019-01-11 14:21:24',NULL),(181,'s',125,5,'2019-01-11 14:21:24',NULL),(182,'s',125,5,'2019-01-11 14:21:24',NULL),(183,'s',125,5,'2019-01-11 14:21:24',NULL),(184,'s',125,5,'2019-01-11 14:21:25',NULL),(185,'s',125,5,'2019-01-11 14:21:25',NULL),(186,'s',125,5,'2019-01-11 14:21:25',NULL),(187,'s',125,5,'2019-01-11 14:21:25',NULL),(188,'s',125,5,'2019-01-11 14:21:25',NULL),(189,'s',125,5,'2019-01-11 14:21:26',NULL),(190,'s',125,5,'2019-01-11 14:21:26',NULL),(191,'s',125,5,'2019-01-11 14:21:26',NULL),(192,'s',125,5,'2019-01-11 14:21:26',NULL),(193,'s',125,5,'2019-01-11 14:21:26',NULL),(194,'s',125,5,'2019-01-11 14:21:26',NULL),(195,'s',125,5,'2019-01-11 14:21:27',NULL),(196,'as\"aS?as',125,5,'2019-01-11 14:21:32',NULL),(197,'dasd',125,5,'2019-01-11 14:21:32',NULL),(198,'hallo',100,17,'2019-01-12 22:25:23',NULL),(199,'test',80,17,'2019-01-13 17:24:35',NULL),(200,'haha',1,5,'2019-01-14 11:32:06',NULL),(201,'Test',35,3,'2019-01-14 20:26:08',NULL),(202,'Hallo',35,17,'2019-01-14 20:26:56',NULL),(203,'XD',35,3,'2019-01-14 20:27:21',NULL),(204,'Ey',35,17,'2019-01-14 20:27:31',NULL),(205,'E',35,17,'2019-01-14 20:27:31',NULL),(206,'E',35,17,'2019-01-14 20:27:31',NULL),(207,'E',35,17,'2019-01-14 20:27:31',NULL),(208,'E',35,17,'2019-01-14 20:27:32',NULL),(209,'E',35,17,'2019-01-14 20:27:32',NULL),(210,'E',35,17,'2019-01-14 20:27:32',NULL),(211,'E',35,17,'2019-01-14 20:27:32',NULL),(212,'E',35,17,'2019-01-14 20:27:33',NULL),(213,'E',35,17,'2019-01-14 20:27:39',NULL),(214,'E',35,17,'2019-01-14 20:27:39',NULL),(215,'E',35,17,'2019-01-14 20:27:39',NULL),(216,'E',35,17,'2019-01-14 20:27:40',NULL),(217,'E',35,17,'2019-01-14 20:27:40',NULL),(218,'Hallo man',35,17,'2019-01-14 20:27:42',NULL),(219,'Hoe is het?',35,17,'2019-01-14 20:27:44',NULL),(220,'-#//9 man is hoe hayd',35,17,'2019-01-14 20:27:53',NULL),(221,'A',35,17,'2019-01-14 20:28:04',NULL),(222,'A',35,17,'2019-01-14 20:28:04',NULL),(223,'A',35,17,'2019-01-14 20:28:04',NULL),(224,'A',35,17,'2019-01-14 20:28:04',NULL),(225,'A',35,17,'2019-01-14 20:28:05',NULL),(226,'hey',84,4,'2019-01-15 01:32:55',NULL),(227,'test',118,5,'2019-01-15 01:33:49',NULL),(228,'Hey',118,4,'2019-01-15 01:33:59',NULL),(229,'Hallo',118,5,'2019-01-15 01:34:15',NULL),(230,'Hey',118,5,'2019-01-15 01:35:29',NULL),(231,'test',118,5,'2019-01-15 01:35:41',NULL),(232,'test',118,5,'2019-01-15 01:36:09',NULL),(233,'test',118,5,'2019-01-15 01:38:34',NULL),(234,'test',118,4,'2019-01-15 01:41:33',NULL),(235,'ey',118,4,'2019-01-15 01:42:16',NULL),(236,'ee',118,4,'2019-01-15 01:42:46',NULL),(237,'test',118,4,'2019-01-15 01:54:31',NULL),(238,'aaaa',118,5,'2019-01-15 01:54:34',NULL),(239,'asd',118,4,'2019-01-15 02:00:17',NULL),(240,'Hallo',100,17,'2019-01-15 06:51:53',NULL),(241,'Epic stuff',35,17,'2019-01-15 09:54:56',NULL),(242,'Now this, this is epic',35,3,'2019-01-15 09:55:06',NULL),(243,'Test',35,3,'2019-01-15 09:55:17',NULL),(244,'Romano praat met me',35,17,'2019-01-15 09:55:45',NULL),(245,'Hallo epische gamet',128,3,'2019-01-15 10:12:11',NULL),(246,'Gamer*',128,3,'2019-01-15 10:12:34',NULL),(247,'Epic gamer it is',128,21,'2019-01-15 10:12:51',NULL),(248,'Vakantie playa a neef',128,21,'2019-01-15 10:13:27',NULL),(249,'Test',35,3,'2019-01-15 10:16:07',NULL),(250,'hh',118,5,'2019-01-15 10:16:41',NULL),(251,'Hallo',35,17,'2019-01-15 10:17:00',NULL),(252,'??',80,4,'2019-01-15 10:17:03',NULL),(253,'??',80,4,'2019-01-15 10:17:04',NULL),(254,'Hallo',35,17,'2019-01-15 10:17:12',NULL),(255,'kk',118,5,'2019-01-15 10:17:28',NULL),(256,'kk',118,4,'2019-01-15 10:17:33',NULL),(257,'Test',35,3,'2019-01-15 10:18:46',NULL),(258,'Hallo',35,17,'2019-01-15 10:18:54',NULL),(259,'Hallo',35,17,'2019-01-15 10:19:20',NULL),(260,'Test2',35,3,'2019-01-15 10:19:32',NULL),(261,'Test3',35,3,'2019-01-15 10:20:18',NULL),(262,'tttt',118,4,'2019-01-15 10:21:13',NULL),(263,'dddd',118,4,'2019-01-15 10:23:00',NULL),(264,'sss',118,4,'2019-01-15 10:24:15',NULL),(265,'sss',118,5,'2019-01-15 10:25:08',NULL),(266,'Test4',35,3,'2019-01-15 10:25:25',NULL),(267,'sss',118,5,'2019-01-15 10:25:40',NULL),(268,'sss',118,4,'2019-01-15 10:25:43',NULL),(269,'sss',118,4,'2019-01-15 10:25:53',NULL),(270,'Hallo',35,17,'2019-01-15 10:25:55',NULL),(271,'sss',118,4,'2019-01-15 10:26:02',NULL),(272,'Hallo',140,5,'2019-01-15 10:26:29',NULL),(273,'Hallo',139,5,'2019-01-15 10:26:54',NULL),(274,'Test',140,5,'2019-01-15 10:27:15',NULL),(275,'ddd',118,5,'2019-01-15 10:31:40',NULL),(276,'dd',118,5,'2019-01-15 10:31:45',NULL),(277,'d',118,5,'2019-01-15 10:31:53',NULL),(278,'d',118,4,'2019-01-15 10:32:04',NULL),(279,'d',118,5,'2019-01-15 10:32:13',NULL),(280,'ddd',118,5,'2019-01-15 10:33:43',NULL),(281,'d',118,5,'2019-01-15 10:33:54',NULL),(282,'d',117,4,'2019-01-15 10:34:09',NULL),(283,'d',118,4,'2019-01-15 10:34:11',NULL),(284,'aa',118,4,'2019-01-15 10:34:16',NULL),(285,'S',118,4,'2019-01-15 10:35:47',NULL),(286,'ZZZZ',118,4,'2019-01-15 10:36:01',NULL),(287,'...',80,4,'2019-01-15 10:43:50',NULL),(288,'..',80,4,'2019-01-15 10:43:51',NULL),(289,'.',80,4,'2019-01-15 10:43:54',NULL),(290,'.',80,4,'2019-01-15 10:44:20',NULL),(291,'..',80,4,'2019-01-15 10:44:21',NULL),(292,'.',80,4,'2019-01-15 10:44:21',NULL),(293,'.',80,4,'2019-01-15 10:44:21',NULL),(294,'.',80,4,'2019-01-15 10:44:21',NULL),(295,'.',80,4,'2019-01-15 10:44:21',NULL),(296,'.',80,4,'2019-01-15 10:44:22',NULL),(297,'.',80,4,'2019-01-15 10:44:22',NULL),(298,'Test',80,17,'2019-01-15 10:44:35',NULL),(299,'..',80,4,'2019-01-15 10:45:04',NULL),(300,'..',80,4,'2019-01-15 10:45:08',NULL),(301,'..',80,4,'2019-01-15 10:45:09',NULL),(302,'Aaaa',80,17,'2019-01-15 10:45:12',NULL),(303,'zzzz',118,5,'2019-01-15 10:46:42',NULL),(304,'zzz',118,5,'2019-01-15 10:46:46',NULL),(305,'ZZZ',118,4,'2019-01-15 10:46:55',NULL),(306,'testing',118,4,'2019-01-15 10:56:19',NULL),(307,'ttt',118,5,'2019-01-15 11:01:33',NULL),(308,'hdh',118,5,'2019-01-15 11:01:45',NULL),(309,'kdkd',118,4,'2019-01-15 11:02:01',NULL),(310,'test',118,4,'2019-01-15 11:08:35',NULL),(311,'hey tijs',236,26,'2019-01-15 11:16:40',NULL),(312,'Mogu',236,2,'2019-01-15 11:16:50',NULL),(313,'ho nit zo snel he',236,26,'2019-01-15 11:17:04',NULL),(314,'Slow down bmang',236,2,'2019-01-15 11:17:24',NULL),(315,'Hoi',72,2,'2019-01-15 11:32:17',NULL),(316,'hallo',72,4,'2019-01-15 11:32:40',NULL),(317,'Hoi',72,2,'2019-01-15 11:32:50',NULL),(318,'dfjdskfdslkf djdlksjfkldsfj  dslfjldksfjdslkfj dv dsdsjfhdsjkfhds;j dsvndslkfjds dslkfmlkdsj fdsf nd',72,4,'2019-01-15 11:33:10',NULL),(319,'Test',72,4,'2019-01-15 11:42:32',NULL),(320,'Is very gud',72,2,'2019-01-15 11:42:41',NULL),(321,'hallo',241,27,'2019-01-15 11:49:40',NULL),(322,'Hoi!',241,2,'2019-01-15 11:49:54',NULL),(323,'mooi gemaakt ma!',241,27,'2019-01-15 11:50:03',NULL),(324,'yo',241,27,'2019-01-15 11:50:49',NULL),(325,'yo',241,27,'2019-01-15 11:51:07',NULL),(326,'Nice',241,2,'2019-01-15 11:51:12',NULL),(327,'Jo heb je zin om naar Paarijs te gaan ofzo',72,4,'2019-01-15 11:58:40',NULL),(328,'Zwoel',72,2,'2019-01-15 11:58:45',NULL),(329,'dd',118,4,'2019-01-15 12:05:47',NULL),(330,'test',118,5,'2019-01-15 12:11:42',NULL),(331,'hallo',80,4,'2019-01-15 12:12:03',NULL),(332,'Hoi romano',80,17,'2019-01-15 12:12:22',NULL),(333,'Welkom bij de demo!',75,2,'2019-01-15 12:34:04',NULL),(334,'Hallo!',75,3,'2019-01-15 12:36:33',NULL),(335,'Hoi',75,2,'2019-01-15 12:36:44',NULL),(336,'TriHard 7',247,29,'2019-01-15 14:31:42',NULL),(337,'Ooga ooga geef gratis reis',247,29,'2019-01-15 14:32:06',NULL),(338,'chu mean homie cmonBruh',247,3,'2019-01-15 14:32:09',NULL),(339,'1 niffi a broer',247,3,'2019-01-15 14:32:52',NULL),(340,'NaM',247,29,'2019-01-15 14:34:32',NULL),(341,'lol',80,4,'2019-01-16 14:05:44',NULL),(342,'kappa',80,4,'2019-01-16 14:05:49',NULL),(343,'test',80,17,'2019-01-16 14:07:25',NULL),(344,'test',80,17,'2019-01-16 14:07:40',NULL),(345,'a',80,17,'2019-01-16 14:08:01',NULL),(346,'a',80,17,'2019-01-16 14:08:09',NULL),(347,'a',80,4,'2019-01-16 14:08:12',NULL),(348,'test',80,4,'2019-01-16 15:21:08',NULL),(349,'test',80,4,'2019-01-16 15:21:35',NULL),(350,'d',80,4,'2019-01-16 15:21:43',NULL),(351,'a',80,4,'2019-01-16 15:22:04',NULL),(352,'sdfsdfsdfdsf',80,4,'2019-01-16 15:22:13',NULL);
/*!40000 ALTER TABLE `message` ENABLE KEYS */;
UNLOCK TABLES;

--
-- Table structure for table `reis`
--

DROP TABLE IF EXISTS `reis`;
/*!40101 SET @saved_cs_client     = @@character_set_client */;
 SET character_set_client = utf8mb4 ;
CREATE TABLE `reis` (
  `ReisID` int(11) NOT NULL AUTO_INCREMENT,
  `begin_reis` date DEFAULT NULL,
  `eind_reis` date DEFAULT NULL,
  `locatie` varchar(255) DEFAULT NULL,
  `userID` int(11) NOT NULL,
  PRIMARY KEY (`ReisID`),
  UNIQUE KEY `ReisID_UNIQUE` (`ReisID`),
  KEY `fk_Reis_User1_idx` (`userID`),
  CONSTRAINT `fk_Reis_User1` FOREIGN KEY (`userID`) REFERENCES `user` (`userid`)
) ENGINE=InnoDB AUTO_INCREMENT=7 DEFAULT CHARSET=utf8;
/*!40101 SET character_set_client = @saved_cs_client */;

--
-- Dumping data for table `reis`
--

LOCK TABLES `reis` WRITE;
/*!40000 ALTER TABLE `reis` DISABLE KEYS */;
INSERT INTO `reis` VALUES (1,'2019-01-09','2019-01-10','Parijs, Frankrijk',4),(2,'2019-01-09','2019-01-10','Parijs, Frankrijk',5),(3,'2019-01-09','2019-01-20','Nepal',5),(4,'1998-12-08','2020-02-20','Luxor, Egypte',18),(5,'1512-10-30','1566-05-05','Andalusië, Spanje',20),(6,'2019-01-01','2019-01-17','New York, Verenigde Staten',3);
/*!40000 ALTER TABLE `reis` ENABLE KEYS */;
UNLOCK TABLES;

--
-- Table structure for table `user`
--

DROP TABLE IF EXISTS `user`;
/*!40101 SET @saved_cs_client     = @@character_set_client */;
 SET character_set_client = utf8mb4 ;
CREATE TABLE `user` (
  `UserID` int(11) NOT NULL AUTO_INCREMENT,
  `voornaam` varchar(255) DEFAULT NULL,
  `tussenvoegsel` varchar(45) DEFAULT NULL,
  `achternaam` varchar(255) DEFAULT NULL,
  `geboortedatum` datetime DEFAULT NULL,
  `adres` varchar(255) DEFAULT NULL,
  `postcode` varchar(255) DEFAULT NULL,
  `email` varchar(255) DEFAULT NULL,
  `telefoonnummer` varchar(255) DEFAULT NULL,
  `beschrijving` text,
  `interesses` text,
  `gebruikersnaam` varchar(255) DEFAULT NULL,
  `wachtwoord` varchar(255) DEFAULT NULL,
  `active` int(1) DEFAULT '1',
  `profielfoto` varchar(255) DEFAULT NULL,
  PRIMARY KEY (`UserID`),
  UNIQUE KEY `UserID_UNIQUE` (`UserID`)
) ENGINE=InnoDB AUTO_INCREMENT=30 DEFAULT CHARSET=utf8;
/*!40101 SET character_set_client = @saved_cs_client */;

--
-- Dumping data for table `user`
--

LOCK TABLES `user` WRITE;
/*!40000 ALTER TABLE `user` DISABLE KEYS */;
INSERT INTO `user` VALUES (1,'Auke','','steenman','2016-08-03 00:00:00',NULL,'1746hj','auke.steenman@gmail.com','0621897905',NULL,'[\"Houtbewerken\",\n\"Modelbouw\",\n\"Handwerken\",\n\"Knutselen\",\n\"frutselen\",\n\"Klussen in huis\",\n\"Kalligrafie\",\n\"Film\",\n\"Bioscoop\",\n\"Discotheek\",\n\"Naar vrienden\",\n\"Restaurant\",\n\"Theater\",\n\"Kroeg\",\n\"Aircraft Spotting\",\n\"Airbrushing\",\n\"Airsofting\",\n\"Acting\"]','post','$2a$10$xNa2K3HQTftHIoZrhVhj0eKw4rnoCQvd.wWTu076Ju2TJ7arHYu5q',1,NULL),(2,'Tijs','de','Graaff','2016-08-03 00:00:00',NULL,'1746hj','auke.steenman@gmail.com','0621897905',NULL,'[\"Vogels observeren\",\n\"Volière houden\",\n\"Honden fokken\",\n\"Paard(en) verzorgen\",\n\"Aquarium\",\n\"Tekenen\",\n\"Schilderen\",\n\"Beeldhouwen\",\n\"Boetseren\",\n\"Houtbewerken\",\n\"Modelbouw\",\n\"Handwerken\",\n\"Knutselen\",\n\"frutselen\",\n\"Klussen in huis\",\n\"Kalligrafie\",\n\"Film\"]','Tijs','$2a$10$eCjWpmRtfJBPEFFnYlFr1u/MHeA8FqM1.dj2bmmqzsm819e7kg0km',1,'13245392_1191891330855438_4838736956328601408_n.jpg'),(3,'Romano','van der','Asciutto','2016-08-03 00:00:00','Teststraat 123','1746hj','rg_asciutto@hotmail.com','0621897905','Epic mega gamer','[\"Bloemen kweken\",\"Duivenmelken\",\"Vogels observeren\",\"Volière houden\",\"Honden fokken\",\"Paard(en) verzorgen\",\"Aquarium\"]','Eredin','$2a$10$7JP3vIhojQr4vaAEMFxgDOvaS.sl26WBKDLfCAzR209tsk1yUlKiO',1,'weirdchamp.jpg'),(4,'Jerry','','Geerts','2016-08-03 00:00:00','','1067GM','auke.steenman@gmail.com','0621897905',NULL,'[\"Stamboomonderzoek\",\n\"Literatuur hobbies\",\n\"verhalen schrijven\",\n\"brieven schrijven\",\n\"gedichten schrijven\",\n\"Vrijwilligerswerk\",\n\"wandelen\",\n\"fietsen\",\n\"auto-/motorrijden\",\n\"tuinieren\",\n\"Bloemen kweken\",\n\"Planten verzorgen\",\n\"(huis)dieren\",\n\"Duivenmelken\",\n\"Vogels observeren\",\n\"Volière houden\",\n\"Honden fokken\",\n\"Paard(en) verzorgen\",\n\"Aquarium\",\n\"Tekenen\",\n\"Schilderen\",\n\"Beeldhouwen\",\n\"Boetseren\",\n\"Houtbewerken\",\n\"Modelbouw\",\n\"Handwerken\",\n\"Knutselen\",\n\"frutselen\"]','Jerry','$2a$10$9rLzaZz9u82WqrRtI1.m/.lHBqY34/Zs2Xhr2g13M7LybnXk26TdC',1,'18717142.jpg'),(5,'Rob','','Roy','2016-08-03 00:00:00','Zonnedauwlaan 49','1433 WB','robroy356@gmail.com','0640663516',NULL,'[\"Sterrenkunde\",\n\"Godsdienst(en)\",\n\"Volkenkunde\",\n\"Vreemde talen\",\n\"Filosofie\",\n\"religie\",\n\"Astrologie\",\n\"Psychologie\",\n\"Zelfontplooiing\",\n\"Architectuur\",\n\"Toneel, theater\",\n\"Cabaret\",\n\"(electro)techniek\",\n\"Biotechnologie\",\n\"Lucht-/ruimtevaart\",\n\"Film & fotografie\",\n\"Stamboomonderzoek\",\n\"Literatuur hobbies\",\n\"verhalen schrijven\",\n\"brieven schrijven\",\n\"gedichten schrijven\",\n\"Vrijwilligerswerk\",\n\"wandelen\",\n\"fietsen\",\n\"auto-/motorrijden\",\n\"tuinieren\",\n\"Bloemen kweken\",\n\"Planten verzorgen\",\n\"(huis)dieren\",\n\"Duivenmelken\"]','Rob','$2a$10$cwGNHOjMtNZy7Gz7L8FFaurz95mbvYyphsUwewSfGLK15/1vUZgNa',1,'585e4bf3cb11b227491c339a.png'),(7,'jerry','','Geerts','1999-01-05 00:00:00',NULL,'1507XP','Jerry8@live.nl','0615884244',NULL,'[\"romans\",\n\"reisverhalen\",\n\"reizen\",\n\"detectives\",\n\"science fiction\",\n\"poëzie\",\n\"kranten\",\n\"tijdschriften\",\n\"Radio luisteren\",\n\"Televisie kijken\",\n\"Film opnemen\",\n\"Computer spelletjes\",\n\"Internet surfen\",\n\"Chatten\",\n\"e-mailen\",\n\"Foto-scans bewerken\",\n\"Software ontwikkelen\",\n\"Cultuur em kunst hobbies\",\n\"Beeldende kunst\",\n\"(kunst)geschiedenis\",\n\"Geografie\",\n\"Sterrenkunde\",\n\"Godsdienst(en)\",\n\"Volkenkunde\",\n\"Vreemde talen\",\n\"Filosofie\",\n\"religie\",\n\"Astrologie\",\n\"Psychologie\",\n\"Zelfontplooiing\",\n\"Architectuur\",\n\"Toneel, theater\",\n\"Cabaret\",\n\"(electro)techniek\",\n\"Biotechnologie\",\n\"Lucht-/ruimtevaart\",\n\"Film & fotografie\",\n\"Stamboomonderzoek\",\n\"Literatuur hobbies\",\n\"verhalen schrijven\",\n\"brieven schrijven\",\n\"gedichten schrijven\",\n\"Vrijwilligerswerk\",\n\"wandelen\",\n\"fietsen\",\n\"auto-/motorrijden\",\n\"tuinieren\",\n\"Bloemen kweken\",\n\"Planten verzorgen\",\n\"(huis)dieren\",\n\"Duivenmelken\",\n\"Vogels observeren\",\n\"Volière houden\",\n\"Honden fokken\"]','Gerik43','$2a$10$xC5j8T3uWJPQWLBGU2vIu.zw4S0cUr/Hmt7hUyxpN9F.UUrPOEKba',1,NULL),(8,'TestAccount','WachtwoordIs','123456789','2018-01-01 00:00:00','Test','1507XP','jerry8@live.nl','0615884244',NULL,'[\"Stamboomonderzoek\"]','TestAccount','$2a$10$Bc5QtyCFuMFVdnAl0B.zSuE8Ydp.RJucraJWUmtM9V8n9Db3Yk1TO',1,NULL),(13,'t','','t','2018-12-07 00:00:00','t','1746hj','auke.steenman@gmail.com','0621897905',NULL,'[\"Handbal\",\"Volleybal\",\"Gymnastiek\",\"(kunst-)schaatsen\",\"Jeu de boules\"]','testacc4','$2a$10$tuGRo6XT5p22vxeEEyun5uXO2lp52EtJ1LKMPlzhYFE7ptMy0vSn2',1,NULL),(14,'Hans','','Twelker','1960-07-01 00:00:00','Fluit 12','1441 ','hans@corendon.com','12345',NULL,'[\"Voetbal\",\"Hardlopen\",\"Roeien\"]','twelh','$2a$10$PPUO488FZcJxwtkO3b04du.CsRKjYDanoO8CCftEFdcL0SjbZRtrm',1,NULL),(15,'Jerry','','Geerts','1999-01-05 00:00:00','Clare Lennart straat 7','1507XP','jerry8@live.nl','0615884244',NULL,'[]','JerryGeerts','$2a$10$wTeEGg/98.lDAWgzfLUI6uM0gHULhrIFepvoHskaM5BFIL2ln/7iy',1,NULL),(16,'admin','admin','admin','2018-12-22 00:00:00','apojh','1198hj','auke.steenman@gmail.com','062164836582',NULL,'[\"Voetbal\"]','admin','$2a$10$r0s3SrTnCtYBqNBibuir.etfz7ctVwODmo.o3zZBTUa8Hh25G3IO.',1,NULL),(17,'auke:D','','pisjdkfh','2018-02-13 00:00:00','asdasdasd','7384jg','auke.steenman@Gmail.com','0621897905',NULL,'[\"Voetbal\"]','jeboiauke','$2a$10$WyWTvMWVwu/gPiNQDLWJ.uJdDPJKkdHKl2Fabfi2Qc4xRxoUcSWbC',1,NULL),(18,'Boera','van','Yuri','2200-08-20 00:00:00','Veldmuis','1422 WT','veldmuis@boera.nl','063145784558795','Get money, Fuck bitches','[\"Judo\",\"Saxofoon\"]','nimlion','$2a$10$oZSMQabXWekOisc25aK2z.Yu04ghtS7.kI3FcZ90GjhEKwc0RYyoi',1,NULL),(19,'Tijs','De','Graaff','2018-07-20 00:00:00','Urhehd','Hwjdieh','jejfiebj@gmail.com','Heifjebwkcje',NULL,'[\"Gymnastiek\",\"Judo\"]','Tijsdegraaff','$2a$10$wPPTgqQ4HkGKVjdCcIkLgexnxQgL7szA0K.P00.kTRM6l74HDniUy',1,NULL),(20,'Daniël','','Gnade','2000-09-05 00:00:00','Lijndraaier 160 Hoorn NH','1625zw','danielgnade1@gmail.com','852074196',NULL,'[\"Voetbal\",\"Gymnastiek\"]','DaniëlGnade','$2a$10$vKf8fyczTt7QQmVVfE8UeulMMz3GygOM2k.wSgH3AOU3R9GHgtVq.',1,NULL),(21,'Niels','','Bierman','2000-03-26 00:00:00','Wackstraat','1121PK','nielsbier72@gmail.com','0655355423',NULL,'[\"Science fiction\",\"Poëzie\",\"Tijdschriften\"]','WackBoi','$2a$10$QXCqNnh/c2Fe1F13tX6.wOR0jID57FD2YDcX3d4CGOlQq/vGoZTPS',1,NULL),(22,'Kevin','','Westerman','2019-01-24 00:00:00','Potgieterlaan, 6','1422AZ','kevin-westerman@live.nl','0629761902',NULL,'[\"Voetbal\"]','kevwest','$2a$10$o8xHI86tg288K6MkPUPInu6AMUI8n/mYETu9MFiuS4zoyPQn5urHK',1,NULL),(23,'Jerry','','Geerts','2013-12-13 00:00:00','Zaandam','1507XP','Jerry8@live.nl','0615884244',NULL,'[\"Handbal\",\"Volleybal\",\"Gymnastiek\",\"turnen\",\"Tennis\"]','Jerry123','$2a$10$GREzHt.oCmcMgNaK7e/09uivtncH.AU0baIMrMHThBV6WHa6JPsQu',1,NULL),(24,'rob','','roy','1998-09-18 00:00:00','Zonnedauwlaan 49','1433 WB','robroy356@gmail.com','0640663516',NULL,'[]','robroy','$2a$10$PTAYmojISghjaFDFZoy0ZeGzRbC0c3In7/.3N85h7FZ0By7cskz62',1,NULL),(25,'Harrold','','Koter','1980-01-05 00:00:00','Bomenlaan 31','2968UI','Harrold.Koter@hotmail.com','2950-282759384',NULL,'[\"Gymnastiek\",\"Bridgen\",\"Sjoelbakken\"]','HarroldK','$2a$10$2WONiX1lPPHZnTUTXxIqVurUWNyC0/khRqWIVCe05y0YvcP0.qkeW',1,NULL),(26,'test','','Stevnson','2019-01-26 00:00:00','Clare Lennart straat 7, 7','1507XP','Test@gmail.com','+3160000000',NULL,'[\"Voetbal\"]','testSteve','$2a$10$yRA262RrljbMnX7ATzANVOLCwI9uoYsSz2QqrGKJ6NYV5X3Vkzsbm',1,NULL),(27,'sjonnie','','s','2000-01-01 00:00:00','a','1','a.b@c','0',NULL,'[\"Biljarten\",\"darten\",\"Bridgen\"]','sjonnie','$2a$10$2FICflW8m6pbLD8uqPipw.CNtSFaoG7SpV6.C8q77c1i5tBAJAFVS',1,NULL),(28,'Marloes','','Zutt','1988-01-01 00:00:00','dfkdjfk','1099','ll@h','000',NULL,'[\"Tennis\"]','mzut','$2a$10$EcYPdblJtRD3jco1gjBqh.3UOPYfP4Js6QLGuS2yN/j.fufKCdi7m',1,NULL),(29,'Ooga','','Booga','2019-01-15 00:00:00','Ooga','1234ab','ooga@booga.nl','0612345678',NULL,'[\"Voetbal\"]','nee','$2a$10$T.AFVL41h6YdjURvQxXqCebs5Br2q98kk4NHZpvDBtG/kECJzLui2',1,NULL);
/*!40000 ALTER TABLE `user` ENABLE KEYS */;
UNLOCK TABLES;
/*!40103 SET TIME_ZONE=@OLD_TIME_ZONE */;

/*!40101 SET SQL_MODE=@OLD_SQL_MODE */;
/*!40014 SET FOREIGN_KEY_CHECKS=@OLD_FOREIGN_KEY_CHECKS */;
/*!40014 SET UNIQUE_CHECKS=@OLD_UNIQUE_CHECKS */;
/*!40101 SET CHARACTER_SET_CLIENT=@OLD_CHARACTER_SET_CLIENT */;
/*!40101 SET CHARACTER_SET_RESULTS=@OLD_CHARACTER_SET_RESULTS */;
/*!40101 SET COLLATION_CONNECTION=@OLD_COLLATION_CONNECTION */;
/*!40111 SET SQL_NOTES=@OLD_SQL_NOTES */;

-- Dump completed on 2019-01-16 17:25:58
